Author,Profile Image,Date (Absolute),Date (Original),Post Link,Likes,Comments,Text,Images (Original),Image Count
루포,https://yt3.googleusercontent.com/L-XO0jpjfoZyw0-33fBmLatRfca7etj9v7kcw-w4w5c4sIHWmlEbRnzSMLk04IHItbNDowTS=s0,2026-04-30 12:31:16,1개월 전,https://www.youtube.com/post/UgkxeynGk0IJSH76XWvHrOc238MYwZ5EgSoS,11,4,집으로 가는 길~♡,https://yt3.ggpht.com/IyKgaqK2JmDL1jtgkkcTGiF1FftvGDaOGSCUzYUhpGnWeGtyTStfyEKROpu4N-oNDnlozHRLqu5too0=s0,2
루포,https://yt3.googleusercontent.com/L-XO0jpjfoZyw0-33fBmLatRfca7etj9v7kcw-w4w5c4sIHWmlEbRnzSMLk04IHItbNDowTS=s0,2026-04-29 15:06:23,1개월 전,https://www.youtube.com/post/UgkxW1TNpgiSrDQUYGcCkRwnZ9hwbnKy3PPi,17,7,선만따면 완성♡,https://yt3.ggpht.com/mBgaaR3NszieNufuiaWFTShkiZsfp8fezhJcpDgrwJkbVUFBm1roEq6uo-KlSOeKsVSMRcAaT2PLbQ=s0,1
루포,https://yt3.googleusercontent.com/L-XO0jpjfoZyw0-33fBmLatRfca7etj9v7kcw-w4w5c4sIHWmlEbRnzSMLk04IHItbNDowTS=s0,2026-04-29 12:18:14,1개월 전,https://www.youtube.com/post/Ugkx4shGg2qJsykLU3AA6-G26xZRQFl_KC3y,10,2,붸에~♡,https://yt3.ggpht.com/ERHkB7aG1FVYUnmQElms1KhlMF7ep4fzW7SBeZtPnQkogVW-aI17zS_7ZAw3KFGud20Wc-KHMCnx=s0,1
루포,https://yt3.googleusercontent.com/L-XO0jpjfoZyw0-33fBmLatRfca7etj9v7kcw-w4w5c4sIHWmlEbRnzSMLk04IHItbNDowTS=s0,2026-04-29 12:17:56,1개월 전,https://www.youtube.com/post/Ugkx7yWp5HPKHBa5h3vBGOpAsBr17Uufk777,9,3,어흐♡♂️어흐♡♂️,https://yt3.ggpht.com/vkfV-9eKJc3SQEPQ1xaKNCiUC5PfvEZmf63pLsxhVZC7xsnaW_NFPzeyjzB_-gOLCJMpp8ck-Gvx=s0,1
루포,https://yt3.googleusercontent.com/L-XO0jpjfoZyw0-33fBmLatRfca7etj9v7kcw-w4w5c4sIHWmlEbRnzSMLk04IHItbNDowTS=s0,2026-04-28 14:42:23,1개월 전(수정됨),https://www.youtube.com/post/UgkxR_DXMdNj3H5bDGUzVU_Of_oa5jL572Ej,5,2,☆저퀄 주의☆ 리포(지하철 안에서 심심해서 볼팬한자루있길래 낙서 해봤어♡ 누구는 운전하면서 그리는데 어케한거지....질투나...!),https://yt3.ggpht.com/sdpE4u6PcdsoYjXUHmhL6NNh5v-FvnCydjks99bqmPs2IZqNLBLLXHyMPUNA1bqa4yg-gKyuGYrMRSE=s0,1
온리리온 2호점,https://yt3.googleusercontent.com/jlIhMicbFwdmtEkjkNHgxHZUiEBDWpoSITR1McD7DLbviDYWMkJ2gxlwW634wrMOhFKxV7806U0=s0,2026-04-28 14:10:45,1개월 전,https://www.youtube.com/post/Ugkxlj9-QWkFwfeLej9j5PsC1CAs_Fo7ZUIH,52,10,"저퀄낙서


달리는 차안에서 그리는건 생각보다 어렵네요


그리고 리포 그리기 왜이리 힘듬;;


팬아트 그려주시는분들 항상 너무 감사합니다",https://yt3.ggpht.com/O8x1m9s3a3wrMYHVcidiA2Yh_NX7Ikfv4Y3JGl1yXkZMweWOQsraF_KKEGWo7cKrs7l2OuPL1Uh7=s0,4
온리리온 2호점,https://yt3.googleusercontent.com/jlIhMicbFwdmtEkjkNHgxHZUiEBDWpoSITR1McD7DLbviDYWMkJ2gxlwW634wrMOhFKxV7806U0=s0,2026-04-28 14:10:45,1개월 전,https://www.youtube.com/post/Ugkxlj9-QWkFwfeLej9j5PsC1CAs_Fo7ZUIH,52,10,"저퀄낙서


달리는 차안에서 그리는건 생각보다 어렵네요


그리고 리포 그리기 왜이리 힘듬;;


팬아트 그려주시는분들 항상 너무 감사합니다",https://yt3.ggpht.com/fCRMu7szpKHQwO6pDVxqO4leNrewm4t965JW75OhdGc-ZRigWgeYn7dUG1-GcpHQTntq3IIO62Bvg4k=s0,4
온리리온 2호점,https://yt3.googleusercontent.com/jlIhMicbFwdmtEkjkNHgxHZUiEBDWpoSITR1McD7DLbviDYWMkJ2gxlwW634wrMOhFKxV7806U0=s0,2026-04-28 14:10:45,1개월 전,https://www.youtube.com/post/Ugkxlj9-QWkFwfeLej9j5PsC1CAs_Fo7ZUIH,52,10,"저퀄낙서


달리는 차안에서 그리는건 생각보다 어렵네요


그리고 리포 그리기 왜이리 힘듬;;


팬아트 그려주시는분들 항상 너무 감사합니다",https://yt3.ggpht.com/kiiaGq7oem_GFxHStIRgkKx2hJ6h4PKfJUWUjEp_IyjTZmEZsV6rbhHqHcyKZdEgk6xgkRyLC-EWUg=s0,4
온리리온 2호점,https://yt3.googleusercontent.com/jlIhMicbFwdmtEkjkNHgxHZUiEBDWpoSITR1McD7DLbviDYWMkJ2gxlwW634wrMOhFKxV7806U0=s0,2026-04-28 14:10:45,1개월 전,https://www.youtube.com/post/Ugkxlj9-QWkFwfeLej9j5PsC1CAs_Fo7ZUIH,52,10,"저퀄낙서


달리는 차안에서 그리는건 생각보다 어렵네요


그리고 리포 그리기 왜이리 힘듬;;


팬아트 그려주시는분들 항상 너무 감사합니다",https://yt3.ggpht.com/m5WkiUy-o0P6KqDGAh-nwS7V0N_7TYjxmK2DGJaUGdzFnCapAWQPNNvF7gkusyFtsWIcLkF8ogf9Wg=s0,4
외않되?,https://yt3.googleusercontent.com/45ctuo-EVYibovmu3AiutbEGj6I-VPf4QLhZMYiTWj5ROKuqlHHx2vnNjw7NHafQfIUPEmnsLBE=s0,2026-04-27 22:24:29,1개월 전,https://www.youtube.com/post/UgkxoHixtcTRRldtu4vrLwVJrmnmgYD2q3qT,9,3,잠이 덜 깬 주인장,https://yt3.ggpht.com/YQYBZ2Vo6bVepMtatbA1zXgkkD4JfBShMXYZP9xLpqERwbyrcwZUPoIdr4L8RP0KeHb2Wsh3HC0V-Xo=s0,1
루포,https://yt3.googleusercontent.com/L-XO0jpjfoZyw0-33fBmLatRfca7etj9v7kcw-w4w5c4sIHWmlEbRnzSMLk04IHItbNDowTS=s0,2026-04-27 20:30:05,1개월 전,https://www.youtube.com/post/UgkxbSdOeCSnb5oGdWqejqBsKbKNvxtLDR7b,13,6,슈가송과 비터스텝 온순이&맨두몬,https://yt3.ggpht.com/3pya50V6zgr8IJHlCCXEUpWQESpsebiCy7Ikh_3tqkZ8lsoH0h_rqTfM3sJaXvc5yP7RdgL3Hr-jSg=s0,2
마리사랑단,https://yt3.googleusercontent.com/GllUzNYohgivBjdzxF3AHFjKYOKlDAxcPwzJGCHjDJKLm396fxWx2QDveqj_GVm0OX5UB2iArLA=s0,2026-02-18 02:08:35,3개월 전,https://www.youtube.com/post/Ugkx4FECWW5-Ze13wqNw2HX94yoy3KTxAwbY,4,3,"1주년 및 커뮤니티 개설을 경축 드리옵니다.
축하 영상을 쪄왔습니다.

https://youtu.be/nG39RXMsNGo",https://yt3.ggpht.com/DVsPXqeQTqTeaR0vnCW9SORQGclRFmYlnEmy7Oz0jqH0XOeKHkL77fHIi1923Jui4M7gM6fUc8-o_w=s0,1
온리리온 비밀지점,https://yt3.googleusercontent.com/PadAE7-CoLtyyLKTdk8exebQ3UPWZtjz_elHLUFDWCGtWMNV1_dBxzCuJ1rWwTc06_f_CYzDrg=s0,2026-06-07 19:48:50,1일 전,https://www.youtube.com/post/UgkxWSquOFKFNwOsgb9C-vfsU-_FjfcytZHM,3,4,"이리와 맨두.



(자랑)

그린사람 : 
‪@소피_노이엔뮐러‬",https://yt3.ggpht.com/ySJW5Wg53poou7-9qFBqibm40A8xjGFysGHyoGlgni5fVU9bOpGXWGwBIccmYz1ckbz9zIq7ByD5OQ=s0,2
와쿠와쿠 프린세스,https://yt3.googleusercontent.com/v-k6Fkgv_nHs-fYbrByeX65pWKqKdkeAkj8hQCa156_RsufyTeAdLVDcdzuQrUy1DHWKjatp=s0,2026-06-07 16:04:42,1일 전,https://www.youtube.com/post/UgkxT5GjrgLkFG20G1D4iQBbfdP7wIjPtjEp,6,4,"리코는 맛있다.
그림-====",https://yt3.ggpht.com/qnwDTXnaIMlhm0fWIvNA9dBWShjnTBFaridXMQpcdn_YXVbfuvQ0r-zn3gKYGzya1-yk0Ttk-tztDw=s0,1
루포,https://yt3.googleusercontent.com/L-XO0jpjfoZyw0-33fBmLatRfca7etj9v7kcw-w4w5c4sIHWmlEbRnzSMLk04IHItbNDowTS=s0,2026-06-07 15:39:45,1일 전,https://www.youtube.com/post/Ugkxgf7EVydNmfDuxD5hXzhZJpqI3PpCwz6d,4,2,병실 창가에서 야수파 리포 그리는중♡,https://yt3.ggpht.com/yIdGunXDXwDFXpHqovm3sxXqV_06fZGcmA-hDN1CgB9f5K9sqR8eW5jWOw3PrU67HXBLpm_kaJlZ=s0,2
마리사랑단,https://yt3.googleusercontent.com/GllUzNYohgivBjdzxF3AHFjKYOKlDAxcPwzJGCHjDJKLm396fxWx2QDveqj_GVm0OX5UB2iArLA=s0,2026-06-07 14:48:26,1일 전,https://www.youtube.com/post/Ugkx3XHA1Ak6UhL5rESjsGdesO1XLdJRaWz8,7,1,용못덜,https://yt3.ggpht.com/yNaKHHMcvLFHwn3fwVy-cwWDdsECKgOfZr8QJ3UMtHY6c3fpD0e-FTHtO0s52PkKpOSnLVz5XpCQ=s0,1
외않되?,https://yt3.googleusercontent.com/45ctuo-EVYibovmu3AiutbEGj6I-VPf4QLhZMYiTWj5ROKuqlHHx2vnNjw7NHafQfIUPEmnsLBE=s0,2026-06-07 13:33:11,1일 전,https://www.youtube.com/post/UgkxW3LKUXNDHZOKWYdQ_Mnk5rQ8_GpLjUMT,7,2,"리코 뒷모습

내가 리코 팬아트의 시작을 열겠다!",https://yt3.ggpht.com/NSl56VUC5C4H5Vs7bxM1wY9gSeF8HE5BNrVh1Q5WyTY5XrkOrrTGbq0MbfV44sumRzPWZVLKZF35x20=s0,1
마리사랑단,https://yt3.googleusercontent.com/GllUzNYohgivBjdzxF3AHFjKYOKlDAxcPwzJGCHjDJKLm396fxWx2QDveqj_GVm0OX5UB2iArLA=s0,2026-06-07 05:44:46,1일 전,https://www.youtube.com/post/UgkxQmuFH5KeG2-od1Ksyx3DPvc-odk4y3mx,24,2,누군가를 닮은 리포,https://yt3.ggpht.com/qu3WzBbGk7PeddLa9PBrgUcU_YbH2S-7j8cuN-ppRB-utl39UsKC447l5Vldh8B2FaTAlo-VdoSq=s0,2
마리사랑단,https://yt3.googleusercontent.com/GllUzNYohgivBjdzxF3AHFjKYOKlDAxcPwzJGCHjDJKLm396fxWx2QDveqj_GVm0OX5UB2iArLA=s0,2026-06-07 05:44:46,1일 전,https://www.youtube.com/post/UgkxQmuFH5KeG2-od1Ksyx3DPvc-odk4y3mx,24,2,누군가를 닮은 리포,https://yt3.ggpht.com/ArmFH16EzIcxQIX3DyHPsaYyl06HZL2-vBXRAbsnmapEgJLGAgfG5_Dd5PyXUSogj4VcEfBtk0EjRQ=s0,2
마리사랑단,https://yt3.googleusercontent.com/GllUzNYohgivBjdzxF3AHFjKYOKlDAxcPwzJGCHjDJKLm396fxWx2QDveqj_GVm0OX5UB2iArLA=s0,2026-06-06 13:52:05,2일 전,https://www.youtube.com/post/UgkxAz2VR3t9KokaQYgVXpjGmeHvwVDioRwJ,5,3,"연습삼아 그린 저퀄 팬아트


https://youtu.be/pP2X97teJNI",https://yt3.ggpht.com/dkUFa7xqwQdCrEUJbmAct7u7VELDOwfjoB6G02Y6D8_MXm4QjzJUvD2IFkSWaQGxlfazgKyMv1zfcg=s0,1
루포,https://yt3.googleusercontent.com/L-XO0jpjfoZyw0-33fBmLatRfca7etj9v7kcw-w4w5c4sIHWmlEbRnzSMLk04IHItbNDowTS=s0,2026-06-05 17:07:07,3일 전,https://www.youtube.com/post/Ugkx9Rtqvmo2HSAcQrL6O2y3Knot4yfeGYiE,8,9,기묘한 리포들,https://yt3.ggpht.com/EyKsx4D3RkS6ACwtXaZijSQl2dikwZXieXxz9nprJ4DsWwlKDPhk8i2TRDMK5wq4TDlSN3Q_ZTzQ=s0,5
루포,https://yt3.googleusercontent.com/L-XO0jpjfoZyw0-33fBmLatRfca7etj9v7kcw-w4w5c4sIHWmlEbRnzSMLk04IHItbNDowTS=s0,2026-06-05 17:07:07,3일 전,https://www.youtube.com/post/Ugkx9Rtqvmo2HSAcQrL6O2y3Knot4yfeGYiE,8,9,기묘한 리포들,https://yt3.ggpht.com/kiUT-OhijlKowKRW2_BJqaEcvK7c99fQFA3QhRX_bwipdFiAJffE5oWwxaJtLIo_7My_8P_wCzTB4_c=s0,5
루포,https://yt3.googleusercontent.com/L-XO0jpjfoZyw0-33fBmLatRfca7etj9v7kcw-w4w5c4sIHWmlEbRnzSMLk04IHItbNDowTS=s0,2026-06-05 17:07:07,3일 전,https://www.youtube.com/post/Ugkx9Rtqvmo2HSAcQrL6O2y3Knot4yfeGYiE,8,9,기묘한 리포들,https://yt3.ggpht.com/j78OT5eZHX7vg3OvbVKumSt0cfq5blSRhsd32P1BUVFqx6fmsfN9DDKsc00xc_hB62Gpu843Eg1oTw=s0,5
루포,https://yt3.googleusercontent.com/L-XO0jpjfoZyw0-33fBmLatRfca7etj9v7kcw-w4w5c4sIHWmlEbRnzSMLk04IHItbNDowTS=s0,2026-06-05 17:07:07,3일 전,https://www.youtube.com/post/Ugkx9Rtqvmo2HSAcQrL6O2y3Knot4yfeGYiE,8,9,기묘한 리포들,https://yt3.ggpht.com/KbffHWqCw7FBUSMAGytP0NMIwYZCSh3hYsN6_VLR90wvlf6FVtXW0XDBAlrE0C-ijV4vVnrZU8Qvpg=s0,5
루포,https://yt3.googleusercontent.com/L-XO0jpjfoZyw0-33fBmLatRfca7etj9v7kcw-w4w5c4sIHWmlEbRnzSMLk04IHItbNDowTS=s0,2026-06-05 17:07:07,3일 전,https://www.youtube.com/post/Ugkx9Rtqvmo2HSAcQrL6O2y3Knot4yfeGYiE,8,9,기묘한 리포들,https://yt3.ggpht.com/N8rmHDcKiHNS2qUKAB5vuog-GB05Vzo6vKwFe2CasjqnsKa8J5nrZEbpYAtUc-m2l2Bj-f8Y04vmhe0=s0,5
루포,https://yt3.googleusercontent.com/L-XO0jpjfoZyw0-33fBmLatRfca7etj9v7kcw-w4w5c4sIHWmlEbRnzSMLk04IHItbNDowTS=s0,2026-04-25 17:39:09,1개월 전,https://www.youtube.com/post/UgkxSw1wnUAqbE3qaWTh-g1ah1nHX3OPttHp,10,2,게쟌니~♡,https://yt3.ggpht.com/i2z6J44-5zxGM1ybkH5ZOhJHmeDq_DFsq2d9eKmI0JhiDT1kJB6dNVvWSyAaB_rAandWU4C0XWw1=s0,1
와쿠와쿠 프린세스,https://yt3.googleusercontent.com/v-k6Fkgv_nHs-fYbrByeX65pWKqKdkeAkj8hQCa156_RsufyTeAdLVDcdzuQrUy1DHWKjatp=s0,2026-04-25 17:03:51,1개월 전(수정됨),https://www.youtube.com/post/Ugkxua9PPyBpMOMsAFhAyzR9_poCyBtuoMBm,15,4,오늘 합방 하셨다면 이런 모습이였겠지,https://yt3.ggpht.com/HvgTKauJtnpBzL1nZjlEyvoFupxSEJ0tCweQzUBHOjbZ_rot2W5HuhOoyClHLjEqX2AyFA4JAyWs-OQ=s0,1
루포,https://yt3.googleusercontent.com/L-XO0jpjfoZyw0-33fBmLatRfca7etj9v7kcw-w4w5c4sIHWmlEbRnzSMLk04IHItbNDowTS=s0,2026-06-05 09:40:25,3일 전,https://www.youtube.com/post/UgkxZmu6tFdBCOHitUM03iN92oC13tzDV5No,10,5,굿즈아닌 굿즈2,https://yt3.ggpht.com/7DhusyOOiM6FUMHvKiPUmcWzYAVW7j44KiyLExlMYLMUoEk8lPGk4-o1ztaX-Pw_PLLBXP31k0ST6A=s0,4
루포,https://yt3.googleusercontent.com/L-XO0jpjfoZyw0-33fBmLatRfca7etj9v7kcw-w4w5c4sIHWmlEbRnzSMLk04IHItbNDowTS=s0,2026-06-05 09:40:25,3일 전,https://www.youtube.com/post/UgkxZmu6tFdBCOHitUM03iN92oC13tzDV5No,10,5,굿즈아닌 굿즈2,https://yt3.ggpht.com/sY-s3tepswGrSog5ddBxuYmvLl3sxrZgIKlrQR5u0bc12iQaQOKXZHDg7L32kPbai3urZwgfEAu-Mw=s0,4
루포,https://yt3.googleusercontent.com/L-XO0jpjfoZyw0-33fBmLatRfca7etj9v7kcw-w4w5c4sIHWmlEbRnzSMLk04IHItbNDowTS=s0,2026-06-05 09:40:25,3일 전,https://www.youtube.com/post/UgkxZmu6tFdBCOHitUM03iN92oC13tzDV5No,10,5,굿즈아닌 굿즈2,https://yt3.ggpht.com/rc6Iyx_45Hgyh-X44O1O9WVBybV5smlF__mw-6SEoHDxjUqZ-V6ZQaEchuBNk93aPztAJyc3uXjFlQ=s0,4
루포,https://yt3.googleusercontent.com/L-XO0jpjfoZyw0-33fBmLatRfca7etj9v7kcw-w4w5c4sIHWmlEbRnzSMLk04IHItbNDowTS=s0,2026-06-05 09:40:25,3일 전,https://www.youtube.com/post/UgkxZmu6tFdBCOHitUM03iN92oC13tzDV5No,10,5,굿즈아닌 굿즈2,https://yt3.ggpht.com/ijPg3LZ6-_ymkwwJ5PhnDO6H_XgtcfficxzCHHV3SE9p46qYHt6p7doFXxDuG9C9fnw3bOazLu0yZXA=s0,4
온리리온 비밀지점,https://yt3.googleusercontent.com/PadAE7-CoLtyyLKTdk8exebQ3UPWZtjz_elHLUFDWCGtWMNV1_dBxzCuJ1rWwTc06_f_CYzDrg=s0,2026-04-25 01:47:24,1개월 전,https://www.youtube.com/post/Ugkx5beMNLXJirVVT32ihRA01IDxs_ZNjtrO,5,1,맨다몬(임시),https://yt3.ggpht.com/fdAEZVNO5yZdyVS4pK2kqpgAqEzoVUN_JYClS67Gn2OQyiuvOXqZCuk0tShUKjSpEubnPjls1pXFOQ=s0,2
온리리온 비밀지점,https://yt3.googleusercontent.com/PadAE7-CoLtyyLKTdk8exebQ3UPWZtjz_elHLUFDWCGtWMNV1_dBxzCuJ1rWwTc06_f_CYzDrg=s0,2026-04-25 01:47:24,1개월 전,https://www.youtube.com/post/Ugkx5beMNLXJirVVT32ihRA01IDxs_ZNjtrO,5,1,맨다몬(임시),https://yt3.ggpht.com/xs5UmtRSf6pco6Ly1TJ133vM6e4dhvP1f-s7S_Hkw7kMNv4wKrpx7asoZ0M0_HZ0h6YphLGNiv91CA=s0,2
와쿠와쿠 프린세스,https://yt3.googleusercontent.com/v-k6Fkgv_nHs-fYbrByeX65pWKqKdkeAkj8hQCa156_RsufyTeAdLVDcdzuQrUy1DHWKjatp=s0,2026-06-03 13:56:09,5일 전,https://www.youtube.com/post/UgkxcLnJjL4tcMFqWMG-KXQvl1MHQgTQ8QE_,15,9,아니 나는 에르핀 그렸눈데 옆에서 리온 시온 그리면 나는 뭐가 되,https://yt3.ggpht.com/l37X0WSQ_ovccooP_2v-pl3QyN34_7fmSJXainkQG23v1OMfSXC1xwze6r2As2rV62EDhu6EhaLXhPE=s0,1
루포,https://yt3.googleusercontent.com/L-XO0jpjfoZyw0-33fBmLatRfca7etj9v7kcw-w4w5c4sIHWmlEbRnzSMLk04IHItbNDowTS=s0,2026-06-03 13:27:14,5일 전(수정됨),https://www.youtube.com/post/UgkxR8bKPQ9jGAznPqLGiFbh4mvE7fECXHHK,5,1,선명도 살짝 올린 버전(폰으로 가볍게 편집한거라 화질이..음음),https://yt3.ggpht.com/tQABSPGK3qhhu_fS4StgB3uaUTkgQETfcCVTDbwO7CeDC4IWhqBdPLdf1mXLgEbxVbV0MhOvmgtJpQ=s0,1
루포,https://yt3.googleusercontent.com/L-XO0jpjfoZyw0-33fBmLatRfca7etj9v7kcw-w4w5c4sIHWmlEbRnzSMLk04IHItbNDowTS=s0,2026-06-03 05:46:26,5일 전,https://www.youtube.com/post/UgkxVd6-OPETv796pdtbZ-B4z1ekHfBOoInX,6,2,Leonbus,https://yt3.ggpht.com/AW8QLA8FuvDvm00zgcmr40d4T3X5Ju0-OYk98dkL0L0ViGVZ2sSS8E8tVjjDFTVIEiZ3ZCG9acM4aw=s0,3
와쿠와쿠 프린세스,https://yt3.googleusercontent.com/v-k6Fkgv_nHs-fYbrByeX65pWKqKdkeAkj8hQCa156_RsufyTeAdLVDcdzuQrUy1DHWKjatp=s0,2026-06-03 06:24:57,6일 전,https://www.youtube.com/post/Ugkx1TQHl6M3ke7TOveZBZF23Vcesj0xcfWy,7,5,주변에 그림 잘그리는 친구 둬야하는 이유,https://yt3.ggpht.com/3qB82pz5I65CpJZV4AOcvX_DwzFpvilvxm4elOe8W53cZjasPtFIc2jhn8ry1AWNYnSl_hzoh7_u=s0,1
루포,https://yt3.googleusercontent.com/L-XO0jpjfoZyw0-33fBmLatRfca7etj9v7kcw-w4w5c4sIHWmlEbRnzSMLk04IHItbNDowTS=s0,2026-04-18 01:07:46,1개월 전,https://www.youtube.com/post/UgkxtcSFKkGtRFq1DzkSvdQGShXL1iwdh-KC,1,1,♡,https://yt3.ggpht.com/wuVjLH5C8lXFnoSdzs2tlWixmd1h2lRr1K71tTq-uXw3jQYrvuYJ5ZHjxHGbVSJvLh7w2eE_17IB_g=s0,1
온리리온 2호점,https://yt3.googleusercontent.com/jlIhMicbFwdmtEkjkNHgxHZUiEBDWpoSITR1McD7DLbviDYWMkJ2gxlwW634wrMOhFKxV7806U0=s0,2025-09-27 04:00:00,8개월 전,https://www.youtube.com/post/UgkxOYwfw687rUKQ6HQySdXA6EuTUsi0ipPt,6,2,"안녕하세요 온리리온입니다!

오늘은 9.27, 정확히 트릭컬의 2주년 되는 날입니다!
트릭컬 리바이브의 2주년을 진심으로 축하하며

동시에 제 영상에 많은 관심을 가지고 찾아와주신 모든 시청자 분들에게 감사의 말씀 드립니다!
앞으로도 열심히 활동할 예정이니 잘 부탁드리겠습니다!",https://yt3.ggpht.com/Gjj235yzcABikYcaoqPZs0iHX-TZ2iSR3cMEOadwgh-18gM56ZcvADDl_y57fqjPI7NOHzR3ceN_dxI=s0,2
루포,https://yt3.googleusercontent.com/L-XO0jpjfoZyw0-33fBmLatRfca7etj9v7kcw-w4w5c4sIHWmlEbRnzSMLk04IHItbNDowTS=s0,2026-05-31 19:48:46,8일 전,https://www.youtube.com/post/UgkxHgL8ZjUmK1d5d40qwNIwItVF1caB4qFZ,7,12,사악한 리포,https://yt3.ggpht.com/dF7OcK_5lTAFs9MOH3uoqtyOW5oDOOuXhaxB3fwkooOFoY8HCuiGFZtxUv7VsiQVt6Suj7BXvoiP1TA=s0,2
Spppparrot,https://yt3.googleusercontent.com/ytc/AIdro_l_cdb12iEvfbconWqKW89iqSh69jL-NdmjZIuXCkr9Yg3iLzKFdf8SG32lYrR3AmrM9A=s0,2026-04-16 08:48:18,1개월 전,https://www.youtube.com/post/UgkxXBa7v9TaL-mJWdF0krqkhvot43Ak9bZV,7,4,"크아앜 오냐 온리리온 그렇게 동물 사진을 원한다면 하드탈탈이를 보여주마 탈탈탈



다들 행복한 순간에 사진 많이 찍어두세요",https://yt3.ggpht.com/xeFj9Sz6UOuSmbkumdqsi9E0lBCxt8UNFlwmwm2fSqqJNEqjE3mqspgKew6xdC5GhSc4eLAyT0mizA=s0,4
와쿠와쿠 프린세스,https://yt3.googleusercontent.com/v-k6Fkgv_nHs-fYbrByeX65pWKqKdkeAkj8hQCa156_RsufyTeAdLVDcdzuQrUy1DHWKjatp=s0,2026-05-30 19:45:14,9일 전(수정됨),https://www.youtube.com/post/UgkxnXnimSVRoJ0PjBrpVhIwKmhL-SWWMGWD,6,2,"평소의 온리리온
그림 - 내가 안그림.",https://yt3.ggpht.com/U0MFQ3O2k4pswG5xtgs69JzgYcP2QwYWZ7PfuGL-JeeBmjpfJ9dW8FpaiHM5jTXPhCHBJJWQpFqMdg=s0,1
루포,https://yt3.googleusercontent.com/L-XO0jpjfoZyw0-33fBmLatRfca7etj9v7kcw-w4w5c4sIHWmlEbRnzSMLk04IHItbNDowTS=s0,2026-04-15 20:05:03,1개월 전,https://www.youtube.com/post/UgkxhEtkAQT2Miq5S4P8IJQ7KOFSlnvHdIAq,2,1,짧게 낙서한 망사 리본 리온,https://yt3.ggpht.com/CR9Gll540heyeXceKvhmHCpOtNilXY_DTVEyy0JTotzlh7G2HySF2hapnf_XrhllETgpTsJZZeBLlQ=s0,1
루포,https://yt3.googleusercontent.com/L-XO0jpjfoZyw0-33fBmLatRfca7etj9v7kcw-w4w5c4sIHWmlEbRnzSMLk04IHItbNDowTS=s0,2026-04-15 19:28:48,1개월 전,https://www.youtube.com/post/UgkxHbD3z6u-MDekWm3GPnPR-kIIyrTUMKjj,3,1,이채널 대푭니다.,https://yt3.ggpht.com/3Yu9EV-ffbL7gESiUKMbBKUxtdAY52DFz0AErXaOViI3iSl-sy235Gxwr32-HK8hiVMyH6R3El5Leg=s0,1
온리리온 비밀지점,https://yt3.googleusercontent.com/PadAE7-CoLtyyLKTdk8exebQ3UPWZtjz_elHLUFDWCGtWMNV1_dBxzCuJ1rWwTc06_f_CYzDrg=s0,2026-04-14 22:35:57,1개월 전,https://www.youtube.com/post/UgkxaAwCpBnSC_BBhmT0stVWktgEJ6xRUs_t,5,3,리포 의인화 ;;;;,https://yt3.ggpht.com/BkCz2bRQUWFAxtGaZ94vFGKGEZ4sGUo1YIZIVHd6ZylI93dB0v_AQKuyDbTb9-P0HD3K5Sruofjn=s0,2
온리리온 비밀지점,https://yt3.googleusercontent.com/PadAE7-CoLtyyLKTdk8exebQ3UPWZtjz_elHLUFDWCGtWMNV1_dBxzCuJ1rWwTc06_f_CYzDrg=s0,2026-05-30 12:19:50,9일 전,https://www.youtube.com/post/Ugkxi4uafFY6dlNfxd1u9zdtyKS4yOPi9DDf,9,7,"소피 노이엔뮐러 닉으로
커미션 넣은 리포 ㅎㅎ",https://yt3.ggpht.com/rPXz8FXNRAWuYc3vXCqaGxjuvwqAo2PGSysphRtYul78mQjm0l_NL-jN9xzMDzrlJgWWp3sOt29X5X0=s0,1
마리사랑단,https://yt3.googleusercontent.com/GllUzNYohgivBjdzxF3AHFjKYOKlDAxcPwzJGCHjDJKLm396fxWx2QDveqj_GVm0OX5UB2iArLA=s0,2026-05-30 03:27:52,10일 전,https://www.youtube.com/post/UgkxcoDkQIP9gluyIFiv5gQl0ntNNM2aCqRJ,5,1,"딸딸딸딸딸딸딸딸딸딸딸딸딸딸딸딸딸딸딸딸딸딸딸딸딸딸딸딸딸딸딸딸딸딸딸딸딸딸딸딸딸딸딸딸딸딸딸딸딸딸딸딸딸딸딸딸딸딸딸딸딸딸딸딸딸딸딸딸딸딸딸딸딸딸딸딸딸딸딸딸딸딸딸딸딸딸딸딸딸딸딸딸딸딸딸딸딸딸딸딸딸딸딸딸딸딸


https://youtu.be/9b5pVUhDzRY",https://yt3.ggpht.com/mnxQapwWkr-yGHmEZpopgrk4OCNanZL66BfQFZkRnPOYa6nQWAhElNDev6D93yLkipQAChyMrp9tHw=s0,1
루포,https://yt3.googleusercontent.com/L-XO0jpjfoZyw0-33fBmLatRfca7etj9v7kcw-w4w5c4sIHWmlEbRnzSMLk04IHItbNDowTS=s0,2026-05-29 23:40:21,10일 전,https://www.youtube.com/post/Ugkxcl8_aTgKA0Am0KKcwk1i7wXjcJ2kfcUw,12,3,날먹 낙서2,https://yt3.ggpht.com/y3ksy2G4G0OfSrWnsnghq8Nyr7dE1w0iojZn3kDyTrzS_n_WV0iXpYp9XkonOg1zeCksE0UaiyJhWgg=s0,1
온리리온 비밀지점,https://yt3.googleusercontent.com/PadAE7-CoLtyyLKTdk8exebQ3UPWZtjz_elHLUFDWCGtWMNV1_dBxzCuJ1rWwTc06_f_CYzDrg=s0,2026-04-12 21:07:07,1개월 전,https://www.youtube.com/post/UgkxsW8-UcQx00HfpkHz9au9s2gtoUPnEk9Y,6,0,그림방송 2일차 드디어 이모티콘 끗,https://yt3.ggpht.com/PhwrZwP-pq8pozoXhQjOH-WOvq_2s4a1oOBBCWxlP3iZzvUJwBQnJY0qyFtAE7WV02CHK0RpQD1AbQ=s0,3
온리리온 비밀지점,https://yt3.googleusercontent.com/PadAE7-CoLtyyLKTdk8exebQ3UPWZtjz_elHLUFDWCGtWMNV1_dBxzCuJ1rWwTc06_f_CYzDrg=s0,2026-05-28 17:50:56,11일 전,https://www.youtube.com/post/UgkxaEiOo7PXAcymSowq9BafmG7yzqwwOIt0,7,4,"오늘(28)은 휴방입니다

낮방송 + 일정 생겨서 그렇구요

또 바빠질지도 모르지만

최대한 일정하고 정기적인 방향으로 바꿔볼게요 

항상 봐주시는 분들 감사합니다",https://yt3.ggpht.com/4gp2JqyuENe2zCeNYEAN8xuTdF6dElZLhwYUmi3F6YFS9OOEzE-bum0l0I9eWjKa5tgrgRLBEAeq=s0,1
온리리온 비밀지점,https://yt3.googleusercontent.com/PadAE7-CoLtyyLKTdk8exebQ3UPWZtjz_elHLUFDWCGtWMNV1_dBxzCuJ1rWwTc06_f_CYzDrg=s0,2026-04-12 21:07:07,1개월 전,https://www.youtube.com/post/UgkxsW8-UcQx00HfpkHz9au9s2gtoUPnEk9Y,6,0,그림방송 2일차 드디어 이모티콘 끗,https://yt3.ggpht.com/C8iWE379yTyGddcxsLBXZv-DgrepEtxFkN-iUICqPtUBGIV407Ve0TiERJaWxxS4MZ8Qr1XzgdxxHw=s0,3
루포,https://yt3.googleusercontent.com/L-XO0jpjfoZyw0-33fBmLatRfca7etj9v7kcw-w4w5c4sIHWmlEbRnzSMLk04IHItbNDowTS=s0,2026-05-27 16:16:00,12일 전,https://www.youtube.com/post/UgkxNFQjILBBI9v9rR1lf0KeJdCC1MWT40v6,20,6,쌀먹 낙서♡,https://yt3.ggpht.com/LLog6HZ9W3iEVXUfSDdfju6XiYS8F1haHA4hQcR3OTjWn182sIIlCcjDeBUstXPCpFioI2jcTwT9VQ=s0,1
루포,https://yt3.googleusercontent.com/L-XO0jpjfoZyw0-33fBmLatRfca7etj9v7kcw-w4w5c4sIHWmlEbRnzSMLk04IHItbNDowTS=s0,2026-05-26 21:03:40,13일 전,https://www.youtube.com/post/Ugkx592oe-C_1yRGNBNyynpH3A779DKzYQv8,13,2,으흐흐...무서운 리포 낙서👻,https://yt3.ggpht.com/kB1CZ-aBBi9qnKnFkgdl76CMs6_5fHdmkGmU-hh5MinbcxS64yA3wdXPwiZsrRMZozcalgZc3jgv=s0,1
루포,https://yt3.googleusercontent.com/L-XO0jpjfoZyw0-33fBmLatRfca7etj9v7kcw-w4w5c4sIHWmlEbRnzSMLk04IHItbNDowTS=s0,2026-04-09 10:26:56,1개월 전,https://www.youtube.com/post/Ugkxf49p7WIkEFiXdsOVJgB0b9ZroYtxkJSA,13,1,선까지 땄으니 쉬울것이다~♡,https://yt3.ggpht.com/E4vSjcCRtMhxiHPg9mW8nnzBMoBHFE7yHhHkgktSg-ZonkvD4N6v27qKjSzXzH5H2GYTvyghtv-KJQ=s0,1
온리리온 비밀지점,https://yt3.googleusercontent.com/PadAE7-CoLtyyLKTdk8exebQ3UPWZtjz_elHLUFDWCGtWMNV1_dBxzCuJ1rWwTc06_f_CYzDrg=s0,2026-04-08 21:56:42,1개월 전,https://www.youtube.com/post/UgkxgWn4ILQL4yEtjEwn0p2FSrWTDwPzZuYd,2,1,그림방송 1일차 (이모티콘만들기),https://yt3.ggpht.com/z91ec-4Z3rG1kKkjfEDk2mzQU1Zxp1Uk8fC9fckQ6W11Iq86YfbaSVt-4530LzAxkGBjgtIT1jo4QQ=s0,3
온리리온 비밀지점,https://yt3.googleusercontent.com/PadAE7-CoLtyyLKTdk8exebQ3UPWZtjz_elHLUFDWCGtWMNV1_dBxzCuJ1rWwTc06_f_CYzDrg=s0,2026-04-08 21:56:42,1개월 전,https://www.youtube.com/post/UgkxgWn4ILQL4yEtjEwn0p2FSrWTDwPzZuYd,2,1,그림방송 1일차 (이모티콘만들기),https://yt3.ggpht.com/Od5GllV-dUuph9WpOLjRAcOtgqoUjU-xG39roMdTPpqfZOwdT5Fg69IHNBMrKOGf5lxrMY-8l2JDQwM=s0,3
루포,https://yt3.googleusercontent.com/L-XO0jpjfoZyw0-33fBmLatRfca7etj9v7kcw-w4w5c4sIHWmlEbRnzSMLk04IHItbNDowTS=s0,2026-05-26 17:36:50,13일 전,https://www.youtube.com/post/UgkxTPzadLMOrn-4LgCEJiUOPLtBoVm5b46s,17,3,할로윈 리포 디자인 해보려 여러게 낙서하는중,https://yt3.ggpht.com/m4_0Su3p091IeecseUfRFnU1MXVnXi9VbZNBt8g9sRE6ufXuXRByeNNDNuHeCmpaDuGeGQGM2-U4=s0,2
루포,https://yt3.googleusercontent.com/L-XO0jpjfoZyw0-33fBmLatRfca7etj9v7kcw-w4w5c4sIHWmlEbRnzSMLk04IHItbNDowTS=s0,2026-05-26 17:36:50,13일 전,https://www.youtube.com/post/UgkxTPzadLMOrn-4LgCEJiUOPLtBoVm5b46s,17,3,할로윈 리포 디자인 해보려 여러게 낙서하는중,https://yt3.ggpht.com/zP8raA-iyYZ_NoyJk8jCL3eROJajLpKq2-Rnsh8Q_pWjlCG--OZg-DVmGXE5EEolitoUNYKyb6ClFw=s0,2
루포,https://yt3.googleusercontent.com/L-XO0jpjfoZyw0-33fBmLatRfca7etj9v7kcw-w4w5c4sIHWmlEbRnzSMLk04IHItbNDowTS=s0,2026-05-25 20:24:56,2주 전,https://www.youtube.com/post/Ugkxj7Rs_AAvOqNBdw2AMHl25elG2rjMuj5s,9,2,대충 그려본 프로포즈(나토리) 리포,https://yt3.ggpht.com/7fL5Fo4wkeoSWj5XD3Z0ts3wwNTyrxmYP5j4u0bkluT3ZlTsNNpyXxPxV7OjKmDoEnqUErKTysIZ=s0,1
루포,https://yt3.googleusercontent.com/L-XO0jpjfoZyw0-33fBmLatRfca7etj9v7kcw-w4w5c4sIHWmlEbRnzSMLk04IHItbNDowTS=s0,2026-05-24 17:36:13,2주 전,https://www.youtube.com/post/UgkxLan4__fofd05995CBl0HKp4Icem52I-b,8,5,날 어흐♡감으로 써버리면 베니해 버린다..!,https://yt3.ggpht.com/vuKW_9FOPLeoQYVQ-dryRLFdZ71NjzwwncBG8sVuq_EjIw_PJrXmwyomaSLjWdmLuAFnf2nUVgNIhpo=s0,1
온리리온 비밀지점,https://yt3.googleusercontent.com/PadAE7-CoLtyyLKTdk8exebQ3UPWZtjz_elHLUFDWCGtWMNV1_dBxzCuJ1rWwTc06_f_CYzDrg=s0,2026-04-04 22:59:48,2개월 전,https://www.youtube.com/post/UgkxTPcYJOU32AroFNKEeEsVkmZ1NAABZeQL,5,2,그림방송 0일차,https://yt3.ggpht.com/vv1HFF1BCfjKhecfgfYnDqd9c1Y3wNZy7zKuQ223yWfFJL2dgIue5XHyXUWjgFsmXaEv2fkyB0123Gs=s0,3
온리리온 비밀지점,https://yt3.googleusercontent.com/PadAE7-CoLtyyLKTdk8exebQ3UPWZtjz_elHLUFDWCGtWMNV1_dBxzCuJ1rWwTc06_f_CYzDrg=s0,2026-04-04 22:59:48,2개월 전,https://www.youtube.com/post/UgkxTPcYJOU32AroFNKEeEsVkmZ1NAABZeQL,5,2,그림방송 0일차,https://yt3.ggpht.com/QCfqRuIlIKB6ZOWQ9J41iMNYSl_rxr0YSTOwaelYR9G2rtrL8FXhuPDQoklnzr9YHWReB0zB2vrkaQ=s0,3
루포,https://yt3.googleusercontent.com/L-XO0jpjfoZyw0-33fBmLatRfca7etj9v7kcw-w4w5c4sIHWmlEbRnzSMLk04IHItbNDowTS=s0,2026-05-23 18:41:14,2주 전,https://www.youtube.com/post/UgkxoWR-50lsxU7k5j2dfrLzr2mx9VHJCXCd,7,4,잠방 보고 생각나서 그린 팬아트,https://yt3.ggpht.com/j2dNraZyT_NK510uTgNtIQVv3OEFSyxqnLU5iA-XwZfWBECe2BNcj6t5apDJeLD9UTy-1foVM6eKpg=s0,2
루포,https://yt3.googleusercontent.com/L-XO0jpjfoZyw0-33fBmLatRfca7etj9v7kcw-w4w5c4sIHWmlEbRnzSMLk04IHItbNDowTS=s0,2026-05-23 18:41:14,2주 전,https://www.youtube.com/post/UgkxoWR-50lsxU7k5j2dfrLzr2mx9VHJCXCd,7,4,잠방 보고 생각나서 그린 팬아트,https://yt3.ggpht.com/P_e92Wstmo7PCEFWaqSkQ8RlW8jnT7k0mup4cLUqZlI4KNkK8HxvSXximdQKMY16jD4_5h7rTaUvKA=s0,2
온리리온 비밀지점,https://yt3.googleusercontent.com/PadAE7-CoLtyyLKTdk8exebQ3UPWZtjz_elHLUFDWCGtWMNV1_dBxzCuJ1rWwTc06_f_CYzDrg=s0,2026-04-04 22:59:48,2개월 전,https://www.youtube.com/post/UgkxTPcYJOU32AroFNKEeEsVkmZ1NAABZeQL,5,2,그림방송 0일차,https://yt3.ggpht.com/-WWL4OgH0jmyetocpuMY2vY5eEKQxxM2SMh5jSarUCk-qT8CpsYfd6EUjEfcJHePFJaQsG3_snyHzfw=s0,3
와쿠와쿠 프린세스,https://yt3.googleusercontent.com/v-k6Fkgv_nHs-fYbrByeX65pWKqKdkeAkj8hQCa156_RsufyTeAdLVDcdzuQrUy1DHWKjatp=s0,2026-05-23 00:15:27,2주 전,https://www.youtube.com/post/UgkxmtHIS8cvFdi_0stn2IuEoxAmpiOVn40V,17,5,볼평들에게 말하는거거든!,https://yt3.ggpht.com/0CAY19LnjpJfys2LWir_qvwaE5qHI7kRSa9P2Ycxy0g8o1hkKB1AHMX0ZmPx3aH5Rdwrix-oUhKu=s0,1
루포,https://yt3.googleusercontent.com/L-XO0jpjfoZyw0-33fBmLatRfca7etj9v7kcw-w4w5c4sIHWmlEbRnzSMLk04IHItbNDowTS=s0,2026-05-20 17:53:03,2주 전,https://www.youtube.com/post/UgkxR-f6ZnRWt2aOOwdSzF-fPqoqPeLHJ5u-,9,5,"""어이 저기 봐, 굉장한 석양이야.""
""마치..."" (산책중 너무 예쁘게 찍혀진 것이다..♡)",https://yt3.ggpht.com/v-5RvFzIIElymc3inekjXFA2WcIbsDZN5QvXFTBoiXhztuxz6b-gddGUdB3sw_-HlcIlZq-DDmYZwW0=s0,4
와쿠와쿠 프린세스,https://yt3.googleusercontent.com/v-k6Fkgv_nHs-fYbrByeX65pWKqKdkeAkj8hQCa156_RsufyTeAdLVDcdzuQrUy1DHWKjatp=s0,2026-05-19 19:38:34,2주 전,https://www.youtube.com/post/UgkxdGAxVJKo6k-LpC-HSaGJrod14ymuSC_L,16,4,그림 움직이게 하는법,https://yt3.ggpht.com/0Wpdt6sEQCG5nP1bqVUzhsaL9uA6tyUdU1qQ5QKADqAwYOaigUP15ib5CgwCcaIEDOhNA0EGgqF24MY=s0,1
소피_노이엔뮐러,https://yt3.googleusercontent.com/ytc/AIdro_lK1ePDwOUWCa-5b9UItpMyGU0vf4SOiTs2ZqF0sGMuCx0=s0,2026-05-19 16:38:50,2주 전,https://www.youtube.com/post/Ugkx6RgGbWPsp8oGBf1FcjiFo7UPQR0aVQft,5,6,"안녕하세요.
신입 티스푼입니다.

팬영상 만들어보고있습니다.


근데 큰일남 이거 어케 움직임 이제?",https://yt3.ggpht.com/hqpjaxBYG8vRgZLYhJeneo0s2foaMSC5xuvznu3Uf0W8HQgnrZbVh4Oq0Pr4n3jX0wyjiWa5sjru4A=s0,1
마리사랑단,https://yt3.googleusercontent.com/GllUzNYohgivBjdzxF3AHFjKYOKlDAxcPwzJGCHjDJKLm396fxWx2QDveqj_GVm0OX5UB2iArLA=s0,2026-05-17 19:30:14,3주 전,https://www.youtube.com/post/UgkxXOrk-Vb2KgrpF_hMMobU-MiHxRbnAFKd,5,3,"팝니다 : 아기 리포, 데뷔한 적 없음.

-어흐스트 어흐밍웨이


https://youtube.com/live/KPIi-oZePZY",https://yt3.ggpht.com/85XWsYVovG9vlk1WvrcTqjTn0yXJnC9VUN6IQ5qMchcROPWOAwRgY31kEr7g6IvWdHlCKiTF7k9KnQ=s0,2
루포,https://yt3.googleusercontent.com/L-XO0jpjfoZyw0-33fBmLatRfca7etj9v7kcw-w4w5c4sIHWmlEbRnzSMLk04IHItbNDowTS=s0,2026-05-17 08:25:45,3주 전,https://www.youtube.com/post/UgkxLXpMEr6nlyMQUHkVgUaMm2XumlTZH1U6,10,6,리포(프로포즈 참고했습니다),https://yt3.ggpht.com/Cv4ju7KKQt455Np47m154XEMNzvocab0peFguvkpsV_ZQxAcJIAuyrEYeq5aTMfJD9SaMHOCIYVyZg=s0,1
루포2_lupo2ho,https://yt3.googleusercontent.com/bHNKWL70xFaT-WIMS2LKXFGHLANNpoNptNKJxtYxLBn7DLFCq9EUWcZG3OqRFYWmcbxSRh73-yA=s0,2026-05-17 00:02:23,3주 전,https://www.youtube.com/post/UgkxKH8B4sw72Tp6mB9ROd-PFHB4SnP2ZObS,10,3,리포에서 5일밤,https://yt3.ggpht.com/s6KDODHkWeEmkkvMrJxJnHvxTPoQqw0RWIGYbSo8X54U3zVRzqJz8UQcoWAaiY4wIeuuy5pKI9hE=s0,1
루포,https://yt3.googleusercontent.com/L-XO0jpjfoZyw0-33fBmLatRfca7etj9v7kcw-w4w5c4sIHWmlEbRnzSMLk04IHItbNDowTS=s0,2026-05-16 23:24:29,3주 전,https://www.youtube.com/post/UgkxkwTS7MVpnJ53tMya7ooPIBs_3SKc80uB,12,1,으흐흐..♡,https://yt3.ggpht.com/cIhxSMOFK4T9NKwdcmBfmfWll3iXmkDHo6qiP5_cN9qKc61XkLNTu_j2ykzo2GqUPCF0-UYdBcy6=s0,1
루포,https://yt3.googleusercontent.com/L-XO0jpjfoZyw0-33fBmLatRfca7etj9v7kcw-w4w5c4sIHWmlEbRnzSMLk04IHItbNDowTS=s0,2026-05-16 22:43:23,3주 전,https://www.youtube.com/post/UgkxiO8SOVUqK1LhogWlR4h3s7myJR3XYcWW,11,1,어흐♡검지..♡,https://yt3.ggpht.com/8Vjyk9iOdyPyccOtPTkFl9NP6vF10VVNkkpi9hNx7CW0fSEhXG9p20qTSFN54h-lHLhod7Uu6ZphGyU=s0,1
와쿠와쿠 프린세스,https://yt3.googleusercontent.com/v-k6Fkgv_nHs-fYbrByeX65pWKqKdkeAkj8hQCa156_RsufyTeAdLVDcdzuQrUy1DHWKjatp=s0,2026-05-16 22:31:33,3주 전,https://www.youtube.com/post/Ugkx9w5keMOsDku_AZY01GnBosa_1fH7W83l,9,4,우결해주세요,https://yt3.ggpht.com/cec5XMr1jAc0QhWbHR8rF8Z0S9MzMypE--2M0ln4c5aT74oPfsnNv1_e8dG8xH35AW-vP-eL7Ttt=s0,1
루포,https://yt3.googleusercontent.com/L-XO0jpjfoZyw0-33fBmLatRfca7etj9v7kcw-w4w5c4sIHWmlEbRnzSMLk04IHItbNDowTS=s0,2026-03-21 21:34:07,2개월 전,https://www.youtube.com/post/Ugkx5qw315d342UswD1JG79rQlcthlVk-oL1,3,3,낙서 모음 2,https://yt3.ggpht.com/NOYMDFLnPqL0ZzKycFxAlkDghcLANKX53BcO8QXC07XjhuDAjLpDmBPk33APTNV1i3y4i3-6A-1ELw=s0,6
루포,https://yt3.googleusercontent.com/L-XO0jpjfoZyw0-33fBmLatRfca7etj9v7kcw-w4w5c4sIHWmlEbRnzSMLk04IHItbNDowTS=s0,2026-03-21 21:34:07,2개월 전,https://www.youtube.com/post/Ugkx5qw315d342UswD1JG79rQlcthlVk-oL1,3,3,낙서 모음 2,https://yt3.ggpht.com/dM8UUdEM8jSq5tDH5TlUv-VzhekgkWRKnUyU3Gv9tlTLZ82rLpqcrcb4Alf942eLzCDML_VwYWU43Zc=s0,6
루포,https://yt3.googleusercontent.com/L-XO0jpjfoZyw0-33fBmLatRfca7etj9v7kcw-w4w5c4sIHWmlEbRnzSMLk04IHItbNDowTS=s0,2026-03-21 21:34:07,2개월 전,https://www.youtube.com/post/Ugkx5qw315d342UswD1JG79rQlcthlVk-oL1,3,3,낙서 모음 2,https://yt3.ggpht.com/p5-tb7Orrk9LCbD998JHarcPOTcHhGxPrqr_WtTOctMhEJKtn3nZdqhh1yDzjufV9Gl7b6kR95C3kw=s0,6
호소임,https://yt3.googleusercontent.com/ruMlzqjm6xtIN7x0Sk3Od43e0qDSdEZqOz1Fmt4qMiGGrUwn18Zddhs2dbH1evhYa8D8wIpRrg=s0,2026-05-16 20:58:17,3주 전,https://www.youtube.com/post/UgkxMk7hPKKy4g8T03knMk62dt5LTCkOM9dz,9,2,그냥 그려보고 싶었다 마우스 그림 너무 어렵다 쩝,https://yt3.ggpht.com/VDKxpi2OpZVlC9uD63WN3AH9ngecTLKR4ZpxWb9K0_TCTlAXO6YBiqg-3HQKIrPkjzMfhu6eFzxQ5g=s0,1
루포,https://yt3.googleusercontent.com/L-XO0jpjfoZyw0-33fBmLatRfca7etj9v7kcw-w4w5c4sIHWmlEbRnzSMLk04IHItbNDowTS=s0,2026-03-21 21:34:07,2개월 전,https://www.youtube.com/post/Ugkx5qw315d342UswD1JG79rQlcthlVk-oL1,3,3,낙서 모음 2,https://yt3.ggpht.com/_1W4NYFU3IWiVOAddyLaHF2Z9AdQtNlPVpFpraPX8D6RfkdJ4ehnFT5LmIF-hYePhpAiRrzPEpT3RUE=s0,6
와쿠와쿠 프린세스,https://yt3.googleusercontent.com/v-k6Fkgv_nHs-fYbrByeX65pWKqKdkeAkj8hQCa156_RsufyTeAdLVDcdzuQrUy1DHWKjatp=s0,2026-05-16 20:24:00,3주 전,https://www.youtube.com/post/UgkxQatxyXGd44GD1rko21w8oP2JkJDxyAZ3,9,3,축포(축제 리포),https://yt3.ggpht.com/Jd_2cNsgYyxDIbtzTcoXYR_55G8NaJfyhBSgWZ9gqmw81twGhTnr5zAHywvxhwwf0qi5ll3whuFC=s0,1
루포,https://yt3.googleusercontent.com/L-XO0jpjfoZyw0-33fBmLatRfca7etj9v7kcw-w4w5c4sIHWmlEbRnzSMLk04IHItbNDowTS=s0,2026-05-16 14:25:05,3주 전,https://www.youtube.com/post/UgkxBdcuKWVJ4N6EF4sdWCnms5hXDbcCDxD7,7,1,어흐....기묘한 패션 리포♡,https://yt3.ggpht.com/mpD69wihz0cJ0vf8V7L966xrb8jBzlohorEkAD2M9waUSoWzxb4J1b4xJKyVDdFx0E_QhvoBs-0pEg=s0,1
와쿠와쿠 프린세스,https://yt3.googleusercontent.com/v-k6Fkgv_nHs-fYbrByeX65pWKqKdkeAkj8hQCa156_RsufyTeAdLVDcdzuQrUy1DHWKjatp=s0,2026-05-16 12:21:36,3주 전,https://www.youtube.com/post/Ugkxi2IUKvkfgJYwOoIVt_mz2JaogABWKuPz,13,7,무녀 리포,https://yt3.ggpht.com/aZWt_nG3QH0f7Z27qSutV5MBSRRn7e7Bsv-0pk6ytQ5-WEgo1QSp0EJ2M09japqOws_iyhZWQgxdf0I=s0,1
루포,https://yt3.googleusercontent.com/L-XO0jpjfoZyw0-33fBmLatRfca7etj9v7kcw-w4w5c4sIHWmlEbRnzSMLk04IHItbNDowTS=s0,2026-05-16 10:04:15,3주 전,https://www.youtube.com/post/UgkxFFpeisCbdzYSXBMPeT5taXJ5L1DSOZlA,12,2,검지가 아푸지만 시간 때우기는 좋은 것이다♡,https://yt3.ggpht.com/kEaYytcNPtBIf53LM9sEucCsb4sIX54DE4GihmrOxcquPUndmzYn3EUxildf_e42Bf6xh9gP9df1MQ=s0,2
와쿠와쿠 프린세스,https://yt3.googleusercontent.com/v-k6Fkgv_nHs-fYbrByeX65pWKqKdkeAkj8hQCa156_RsufyTeAdLVDcdzuQrUy1DHWKjatp=s0,2026-05-16 00:50:59,3주 전,https://www.youtube.com/post/UgkxFqPp5I2imnt7RF8bM4BzL4p_s2jy124v,8,3,트레이싱 허락해주신 분에게 무한한 감사를,https://yt3.ggpht.com/YHly_Rqd2J-bEPFaxYxZhwTM5e3IGP8GlCwDJtZ8cgwCHCgc3sShsnVOPhGaILhhniP9TZYqtnvn=s0,1
루포,https://yt3.googleusercontent.com/L-XO0jpjfoZyw0-33fBmLatRfca7etj9v7kcw-w4w5c4sIHWmlEbRnzSMLk04IHItbNDowTS=s0,2026-05-15 22:45:06,3주 전(수정됨),https://www.youtube.com/post/UgkxYkzxzdTaCcSFVj2RWrnTlcCwlkYWbN4U,8,5,우으.....폰화면에 손가락으로 그렸지만 이상한 것이다..ㅠ 역시 디지털은 아직 무리인 것이냐...,https://yt3.ggpht.com/ni7QREKD05jcJrFOn4rlTgyiL-Ap7z_7lSpcyL9jQQ-pgQ_LHWa_2IyVQXmmBXv00CyE3P3OkAQpqA=s0,1
Edgalic,https://yt3.googleusercontent.com/JFEjBZp3b79yxyHFQ8F2vAhiFYz1gKVfG2Xsn68DfBk5DZlXHmtd4yponWafXqNx6vpA4xjMXtE=s0,2026-05-13 02:33:03,3주 전,https://www.youtube.com/post/UgkxWzIOQL1dHoPutq0awxwJJgY4SWZPemyv,8,2,대충 팬영상을 만들려는데 아이디어가 다 떨어졌어요,https://yt3.ggpht.com/xqRhZO5UUTuoDZ-1MzGTNuE46BZ172S-qD7Q8xcKHlQPQ71PRs63e9C_bWy28v1M4NPw8-pZA_D6=s0,1
Spppparrot,https://yt3.googleusercontent.com/ytc/AIdro_l_cdb12iEvfbconWqKW89iqSh69jL-NdmjZIuXCkr9Yg3iLzKFdf8SG32lYrR3AmrM9A=s0,2026-05-11 16:04:04,4주 전,https://www.youtube.com/post/Ugkx08hlS3rAy7lUPVfOnvoE4VdOMMhuUm3M,6,3,지난 이야기....,https://yt3.ggpht.com/QokdbH9KhdeQZNVn8yxa5qLbquzc3iF-BzNRpWKbEaDNc10CbPRgblYzl3yIfbKfew1RiiX92Qi5=s0,1
유튜브탐굴가,https://yt3.googleusercontent.com/nU92rhpbGveeNl938gRKEAkubYnnPEgsMo-I2Ih6DCZGq95YFtiEhsUVE3dC5ELzITb5YhYufA=s0,2026-03-09 21:17:06,2개월 전(수정됨),https://www.youtube.com/post/UgkxdpJLs3PTVa6zEHVnWuPVSwdLObq-GrYk,4,1,리포에 입이랑 안광만 있어도 좀 더 귀여울 거에요,https://yt3.ggpht.com/e37Yhqxkv9PYJToHpMI0uzf9VaXKpqHdsBfBTZGEiW3Fl8gtKE3pYJ53OjRCipHJ0UZ__d65ojF8=s0,5
온리리온 비밀지점,https://yt3.googleusercontent.com/PadAE7-CoLtyyLKTdk8exebQ3UPWZtjz_elHLUFDWCGtWMNV1_dBxzCuJ1rWwTc06_f_CYzDrg=s0,2026-05-10 13:29:48,4주 전,https://www.youtube.com/post/UgkxEu8tQLIFF9IgHrbp9HCYnduthAbhTCJ5,6,2,,https://yt3.ggpht.com/sp03tOebzGkqtbRC0dj03LFoppEUWJjPT0kQLJXGAamzqGLa9orSLzZPrKzTdWgZBxkO3BwejV-nAfU=s0,1
Spppparrot,https://yt3.googleusercontent.com/ytc/AIdro_l_cdb12iEvfbconWqKW89iqSh69jL-NdmjZIuXCkr9Yg3iLzKFdf8SG32lYrR3AmrM9A=s0,2026-05-10 12:18:31,4주 전,https://www.youtube.com/post/UgkxoBt8bfqNmNE96k2LwTFAO6EoDz8Gmave,8,2,지난 방송 요약,https://yt3.ggpht.com/KDo8Wr9vNN7sm0Jxx3Co8f2dQIQUcjUDt78aNNixWH65tLlDV06aTld7OA4B2zlwsC5dPek-WFVa=s0,1
마리사랑단,https://yt3.googleusercontent.com/GllUzNYohgivBjdzxF3AHFjKYOKlDAxcPwzJGCHjDJKLm396fxWx2QDveqj_GVm0OX5UB2iArLA=s0,2026-05-09 20:01:31,4주 전(수정됨),https://www.youtube.com/post/UgkxxXivQ5hXEhwfQD7pQ6fI7QtCdZ8cpIEY,4,3,"공포를 목도하라

다운로드 - 
https://www.youtube.com/live/a4ErDK21...",https://yt3.ggpht.com/qeFEFMCtIQ1rb2BKV6fOaV_FRTuZ9K8E1Q0cRyOIWZy-9xLZzdCibD8JM-kPqIQuFpQtJEvKo2tN=s0,1
루포,https://yt3.googleusercontent.com/L-XO0jpjfoZyw0-33fBmLatRfca7etj9v7kcw-w4w5c4sIHWmlEbRnzSMLk04IHItbNDowTS=s0,2026-05-09 20:01:09,4주 전,https://www.youtube.com/post/Ugkx7_EmfbdVba-fYQsz2zqA502GXjpwoM48,16,2,그만.......부부♡해버렸습니다....♡,https://yt3.ggpht.com/tdSI8sJJ3fhFVhW7RcNyo-7HqdYVxq8xiwbxZw5HNBCtJW85LtEWVE1KDanZ3Zev5dhFy-QHNu8ZvkQ=s0,2
루포,https://yt3.googleusercontent.com/L-XO0jpjfoZyw0-33fBmLatRfca7etj9v7kcw-w4w5c4sIHWmlEbRnzSMLk04IHItbNDowTS=s0,2026-05-09 20:01:09,4주 전,https://www.youtube.com/post/Ugkx7_EmfbdVba-fYQsz2zqA502GXjpwoM48,16,2,그만.......부부♡해버렸습니다....♡,https://yt3.ggpht.com/p1VntOypGYCjaIqUDvtChf3dZd3L0nqKsOFV7jTfW4YVOANZ2UyAzpwI5BakyYsE6QBicVtkt1E6oQ=s0,2
온리리온 2호점,https://yt3.googleusercontent.com/jlIhMicbFwdmtEkjkNHgxHZUiEBDWpoSITR1McD7DLbviDYWMkJ2gxlwW634wrMOhFKxV7806U0=s0,2026-03-08 04:30:18,3개월 전,https://www.youtube.com/post/UgkxDrF6Z5GItkfoXkUL-G4yHGbDfP_oAOm9,33,7,시저가 맘대로 머리잘라서 개빡친 리온,https://yt3.ggpht.com/7fNsao6Aw5RR1jyDKPwN345atwgCvlj2LhhuDHA63n2ZPldRXKeCVjrGmZui0cBozdU7oFeakFcw=s0,1
Edgalic,https://yt3.googleusercontent.com/JFEjBZp3b79yxyHFQ8F2vAhiFYz1gKVfG2Xsn68DfBk5DZlXHmtd4yponWafXqNx6vpA4xjMXtE=s0,2026-05-09 01:22:45,1개월 전,https://www.youtube.com/post/UgkxUv09vbOl6OMUsbqiVAGTY9egNBSHfrNP,12,3,초 카와이한 도트 리포,https://yt3.ggpht.com/6hb584mJBEZuFsLCE1Ee1vZFyGfjsVQubcW3MiG7urEmX70hdclv5HraND8otH60ve59mbidDKoy27o=s0,1
온리리온 비밀지점,https://yt3.googleusercontent.com/PadAE7-CoLtyyLKTdk8exebQ3UPWZtjz_elHLUFDWCGtWMNV1_dBxzCuJ1rWwTc06_f_CYzDrg=s0,2026-05-07 17:41:44,1개월 전,https://www.youtube.com/post/Ugkxz-qEVZMCrzS3BAhPjr5TmXrNGtf0LClO,7,2,"""알아.""







리온은 썸네일로 쓸수도 (AI)",https://yt3.ggpht.com/DZrvrmZcfWpCk8pjfm5xjU0w830ehwSe-LGYzvj93UaEkr3GT5w9oqbtluGW2mQCrQVy95SAOrAosg=s0,3
온리리온 비밀지점,https://yt3.googleusercontent.com/PadAE7-CoLtyyLKTdk8exebQ3UPWZtjz_elHLUFDWCGtWMNV1_dBxzCuJ1rWwTc06_f_CYzDrg=s0,2026-05-07 17:41:44,1개월 전,https://www.youtube.com/post/Ugkxz-qEVZMCrzS3BAhPjr5TmXrNGtf0LClO,7,2,"""알아.""







리온은 썸네일로 쓸수도 (AI)",https://yt3.ggpht.com/ojY1wX3V6Q9uFzexUlOJcxGgQnDcNrzyhg7Vm9GAGMhfptXxHyXsORuGjfj2UnCkTsSmvZlRULx8qAw=s0,3
온리리온 비밀지점,https://yt3.googleusercontent.com/PadAE7-CoLtyyLKTdk8exebQ3UPWZtjz_elHLUFDWCGtWMNV1_dBxzCuJ1rWwTc06_f_CYzDrg=s0,2026-05-07 17:41:44,1개월 전,https://www.youtube.com/post/Ugkxz-qEVZMCrzS3BAhPjr5TmXrNGtf0LClO,7,2,"""알아.""







리온은 썸네일로 쓸수도 (AI)",https://yt3.ggpht.com/47jfGkHF89HS_M6vXIYXDewwJl7KUh4MuWxvcNkkRMl3Yz2P6OI0xQNuSpSEkKuxGlQ1aBZb0LZhdw=s0,3
루포,https://yt3.googleusercontent.com/L-XO0jpjfoZyw0-33fBmLatRfca7etj9v7kcw-w4w5c4sIHWmlEbRnzSMLk04IHItbNDowTS=s0,2026-05-07 16:31:34,1개월 전(수정됨),https://www.youtube.com/post/UgkxMaU2MHiKvlzrTxJjOXxrCIfTTkudf1ku,7,4,리포 손거울,https://yt3.ggpht.com/_XhU-ZSqm55FLpgyBDQKT6U57agiyzRnkwMBjlkmTaK5OeGNjeehUclBqnvcosf0opkdBJqjphPS_A=s0,2
루포,https://yt3.googleusercontent.com/L-XO0jpjfoZyw0-33fBmLatRfca7etj9v7kcw-w4w5c4sIHWmlEbRnzSMLk04IHItbNDowTS=s0,2026-05-07 16:31:34,1개월 전(수정됨),https://www.youtube.com/post/UgkxMaU2MHiKvlzrTxJjOXxrCIfTTkudf1ku,7,4,리포 손거울,https://yt3.ggpht.com/uPmgAiRuf_1cCpnSq8QUezUxUxCNXKs5ewzP3-hsh2rw7H7EbV0h2T3Be-cE-12C3qqocC37SO1A5qk=s0,2
마리사랑단,https://yt3.googleusercontent.com/GllUzNYohgivBjdzxF3AHFjKYOKlDAxcPwzJGCHjDJKLm396fxWx2QDveqj_GVm0OX5UB2iArLA=s0,2026-05-07 05:17:24,1개월 전,https://www.youtube.com/post/UgkxRfpL7XucNLXBZnVq3VJBKt-kFL21AVnT,3,1,"맨다몬 모델입니다


https://www.youtube.com/live/yYhhbWnt...",https://yt3.ggpht.com/0hB34J_-M2cMLZEmaqtMUk7AKUwJ4RHytdZ91eENsOuUnXF2y6mE62YHcLzd7AeNhxf3mA2TiTxb1Q=s0,1
루포,https://yt3.googleusercontent.com/L-XO0jpjfoZyw0-33fBmLatRfca7etj9v7kcw-w4w5c4sIHWmlEbRnzSMLk04IHItbNDowTS=s0,2026-05-06 20:36:05,1개월 전,https://www.youtube.com/post/Ugkx3X8EFfoxS16AeBOHH8ZrSg6n9sqU5j1F,9,2,어흐 리포를본 리포,https://yt3.ggpht.com/fDtBx7jQ6PZcgQOO8f4A0u_AdVuonOfC1d6qdXU2lngwyY37HuvJ19ZtgyLzPtIt-XCcDzoDCRhqDg=s0,2
마리사랑단,https://yt3.googleusercontent.com/GllUzNYohgivBjdzxF3AHFjKYOKlDAxcPwzJGCHjDJKLm396fxWx2QDveqj_GVm0OX5UB2iArLA=s0,2026-05-06 03:26:08,1개월 전(수정됨),https://www.youtube.com/post/UgkxfNewetnZZtcD30CSQd5Ye46PHNqaDe8K,2,1,"찐찐찐찐찐막 업데이트

1. 자꾸 눈을 너무 크게 뜨는 문제 해결
진짜 놀랄 때만 눈을 크게 뜨도록 눈썹을 감지하게 변경

2. 손 모양 자연스럽게 수정

3. 리포 머리핀 삭제(설정에서 다시 착용 가능)

4. 표정, 애니메이션 자연스럽게 리뉴얼

5. 표정 몇개 추가

다운로드 
https://youtu.be/UrfcyS1YzwQ


그대로 덮어씌우시면 됩니다

따로 설정 건드릴 필요 없어용",https://yt3.ggpht.com/gUIdcEFZMksYWDDtHSPJ51KNaxBi1evDZJU9vpE1T8nb-TFL2XJ0VgulWwWaXKHQx5I0HBQAEgrs=s0,1
루포,https://yt3.googleusercontent.com/L-XO0jpjfoZyw0-33fBmLatRfca7etj9v7kcw-w4w5c4sIHWmlEbRnzSMLk04IHItbNDowTS=s0,2026-05-05 21:02:50,1개월 전,https://www.youtube.com/post/UgkxVSaBwljrnN9Ig-exvN7WXLTwQLMeoi8s,11,3,으흐흐..♡,https://yt3.ggpht.com/LaFMu17f4WjzeK1tnx_rCRPHtt_WQdkPubgWtI44SHDEe8YwiUMPXdojAg4pqU14SYCA7e3gnGwA=s0,1
루포,https://yt3.googleusercontent.com/L-XO0jpjfoZyw0-33fBmLatRfca7etj9v7kcw-w4w5c4sIHWmlEbRnzSMLk04IHItbNDowTS=s0,2026-05-05 17:13:20,1개월 전,https://www.youtube.com/post/UgkxxvVd9nHxUFRecuSimYnksiW6Kc45XTFx,5,1,5.5 리포,https://yt3.ggpht.com/tXFhTfG5rWA19CS0djoyZmKS7_Fr9_vxDLL3QcKiNodUrMTiQbM9Sj2JA76UsWHCqbgSGI7fZbIjYxw=s0,1
외않되?,https://yt3.googleusercontent.com/45ctuo-EVYibovmu3AiutbEGj6I-VPf4QLhZMYiTWj5ROKuqlHHx2vnNjw7NHafQfIUPEmnsLBE=s0,2026-05-05 02:25:01,1개월 전,https://www.youtube.com/post/UgkxBypZ-nVSys9Kp2VaSjP5-J28KCgQ47cB,5,2,남푠 옷 훔쳐입고 붙잡힌 온리리온,https://yt3.ggpht.com/Ca4kUYoSMmyyQIFCSw1q_u_DmL6REu3NKp-67KtSZ6fYfE8DT833CCcsDe5LPq9sS6DCIAkcSYM0yg=s0,1
루포,https://yt3.googleusercontent.com/L-XO0jpjfoZyw0-33fBmLatRfca7etj9v7kcw-w4w5c4sIHWmlEbRnzSMLk04IHItbNDowTS=s0,2026-05-04 21:58:31,1개월 전,https://www.youtube.com/post/Ugkxg9BZqlIc59o24yFm7Bfh93ZXfZb6g4pC,12,2,일단 대충한거라 이상한 리포 보올~,https://yt3.ggpht.com/7juWZZpQsmiTT0ZtFA5I25SYGH8fmU3-18VfbrONMoZVfNGaNvln6rj65VrW_4iZNN4qsEVf6pxWuw=s0,2
루포,https://yt3.googleusercontent.com/L-XO0jpjfoZyw0-33fBmLatRfca7etj9v7kcw-w4w5c4sIHWmlEbRnzSMLk04IHItbNDowTS=s0,2026-05-04 17:20:47,1개월 전,https://www.youtube.com/post/UgkxJcpXqHmHVoBAaI--fpPDigUH5KypYAFQ,12,2,오면 바로 최면걸어서...으흐흐..♡,https://yt3.ggpht.com/n4BkZ7jsfTmq9mJPfVc9BWZjUFweJhpJtZVzUVV5wj-8tdef2rZtS7IMHXL6Fvw8c-seHXZj7sq1=s0,1
루포,https://yt3.googleusercontent.com/L-XO0jpjfoZyw0-33fBmLatRfca7etj9v7kcw-w4w5c4sIHWmlEbRnzSMLk04IHItbNDowTS=s0,2026-05-03 17:40:44,1개월 전,https://www.youtube.com/post/UgkxoHSUWzaBAI-rHa4g4pD0TGxVvt9m89Cf,7,3,원근법이나 다른 세세한거 없이 걍 생각없이 낙서한 배설작(미안하다 리온아!),https://yt3.ggpht.com/J4O2a30XpbIWOqd-P1IxOhK9JZ6irbOGR0vFg9KofRmpIBKUn-wBDSQUwAFKSI4LLPmh7aSDPc3dtw=s0,1
루포,https://yt3.googleusercontent.com/L-XO0jpjfoZyw0-33fBmLatRfca7etj9v7kcw-w4w5c4sIHWmlEbRnzSMLk04IHItbNDowTS=s0,2026-05-02 11:51:41,1개월 전,https://www.youtube.com/post/UgkxDYSd3jThB9mc-xcT8oTdd98heoZz2lob,7,3,온리리온 방송 2부,https://yt3.ggpht.com/n0SSyA9ta4mAlq4oCgTz960XGbOSbYsRlzhwBEqYI4og96Y5ZruQ7tx9QkWRWS7ySBy14QHYPHG95HY=s0,3
루포,https://yt3.googleusercontent.com/L-XO0jpjfoZyw0-33fBmLatRfca7etj9v7kcw-w4w5c4sIHWmlEbRnzSMLk04IHItbNDowTS=s0,2026-05-02 11:51:41,1개월 전,https://www.youtube.com/post/UgkxDYSd3jThB9mc-xcT8oTdd98heoZz2lob,7,3,온리리온 방송 2부,https://yt3.ggpht.com/DchU-n009IgaXdiT3rJA-5aT2zXN94HGNEnpC1CGfoSiA5KXFPuOiUO3k6wNvBB3xzzgsJGfYaCoSpc=s0,3
루포,https://yt3.googleusercontent.com/L-XO0jpjfoZyw0-33fBmLatRfca7etj9v7kcw-w4w5c4sIHWmlEbRnzSMLk04IHItbNDowTS=s0,2026-05-02 11:51:41,1개월 전,https://www.youtube.com/post/UgkxDYSd3jThB9mc-xcT8oTdd98heoZz2lob,7,3,온리리온 방송 2부,https://yt3.ggpht.com/po7u49F8Nxl5BMWWst5MR8xt2UuECqpuwzvtcdRy6bMqY09_Up8pVMHqJ841G9HfHWf9LucrGqMgj9I=s0,3
루포,https://yt3.googleusercontent.com/L-XO0jpjfoZyw0-33fBmLatRfca7etj9v7kcw-w4w5c4sIHWmlEbRnzSMLk04IHItbNDowTS=s0,2026-02-20 16:55:14,3개월 전,https://www.youtube.com/post/Ugkx1s98PkkfdzJmz2GmtMUFsgP5xi9bDm2N,15,2,망한거 가타...ㅠ,https://yt3.ggpht.com/vvivpiNP3RRM8LR86qua6EfCYO7jdImBnhJjJ3Jn-enGiJXxqREUGDTrwvglxdvZ_kceb0NyBl-Q-g=s0,1
온리리온 비밀지점,https://yt3.googleusercontent.com/PadAE7-CoLtyyLKTdk8exebQ3UPWZtjz_elHLUFDWCGtWMNV1_dBxzCuJ1rWwTc06_f_CYzDrg=s0,2026-02-19 18:53:38,3개월 전,https://www.youtube.com/post/UgkxTWBYwrcZIijgbETb7kLtUvThmtc5OvRc,18,2,이제 맘대로 글쓸수있다 ㅋㅋ,https://yt3.ggpht.com/ijpdsTeO0w4gRJO8fg4rJgs67ptUkMun3TEBZDLHHuRX5GOGzVeh3nLUuBoAvAW4hQ0zJu5GbMKC=s0,1
루포,https://yt3.googleusercontent.com/L-XO0jpjfoZyw0-33fBmLatRfca7etj9v7kcw-w4w5c4sIHWmlEbRnzSMLk04IHItbNDowTS=s0,2026-05-01 20:01:13,1개월 전,https://www.youtube.com/post/UgkxfdeG44sJiGJLSO1qd3GhsxyYB48HGeTq,5,1,리포 야짤♡+19,https://yt3.ggpht.com/bzdGZVYKuGIsdcNq9VmCayipThKtsn159JkdCev8Sp8G8Ecv5kGsLOuqdlGLpXyXRhq1m2ODo_7CJw=s0,4
루포,https://yt3.googleusercontent.com/L-XO0jpjfoZyw0-33fBmLatRfca7etj9v7kcw-w4w5c4sIHWmlEbRnzSMLk04IHItbNDowTS=s0,2026-05-01 20:01:13,1개월 전,https://www.youtube.com/post/UgkxfdeG44sJiGJLSO1qd3GhsxyYB48HGeTq,5,1,리포 야짤♡+19,https://yt3.ggpht.com/tkTtVCVZyNUQRTploH2HlnzTCwX8SxzJXnIk-dmmjW3B5f4-Heqi9k8qBf1ROu-LRM7BQ5WTw4HJ-Q=s0,4
루포,https://yt3.googleusercontent.com/L-XO0jpjfoZyw0-33fBmLatRfca7etj9v7kcw-w4w5c4sIHWmlEbRnzSMLk04IHItbNDowTS=s0,2026-05-01 20:01:13,1개월 전,https://www.youtube.com/post/UgkxfdeG44sJiGJLSO1qd3GhsxyYB48HGeTq,5,1,리포 야짤♡+19,https://yt3.ggpht.com/8G5xacR93Rbkpz3dFDC9gXqAJxVDPvmTD7pZp8s-x1TKceVcb2P_WmBgQdXW3c2XMXF_5OfNC3zD=s0,4
루포,https://yt3.googleusercontent.com/L-XO0jpjfoZyw0-33fBmLatRfca7etj9v7kcw-w4w5c4sIHWmlEbRnzSMLk04IHItbNDowTS=s0,2026-05-01 20:01:13,1개월 전,https://www.youtube.com/post/UgkxfdeG44sJiGJLSO1qd3GhsxyYB48HGeTq,5,1,리포 야짤♡+19,https://yt3.ggpht.com/3v2oRa7R6HZIzmEhsrgqdyURai-VzwSddBojXC1KHZRH9Ls6EDfvnB1gxUmT-TlCRgGiroQVcx2KzIo=s0,4
루포,https://yt3.googleusercontent.com/L-XO0jpjfoZyw0-33fBmLatRfca7etj9v7kcw-w4w5c4sIHWmlEbRnzSMLk04IHItbNDowTS=s0,2026-06-09 22:07:46,2시간 전,https://www.youtube.com/post/UgkxmPa3kZDn-BQbZnJ_Jl7w_mqYEqCGXqci,5,0,모든 맨다몬(게쟌니)을 나의 품으로!!!!!(미완),https://yt3.ggpht.com/XfMMUjVaKyeR_hTWiyiM7Cfb82BQMbZrqCXuHsFwk0e4LIr6guGC-DE0W71VtDRb0h74ij5-zEEcxg=s0,2
루포,https://yt3.googleusercontent.com/L-XO0jpjfoZyw0-33fBmLatRfca7etj9v7kcw-w4w5c4sIHWmlEbRnzSMLk04IHItbNDowTS=s0,2026-06-09 22:07:46,2시간 전,https://www.youtube.com/post/UgkxmPa3kZDn-BQbZnJ_Jl7w_mqYEqCGXqci,5,0,모든 맨다몬(게쟌니)을 나의 품으로!!!!!(미완),https://yt3.ggpht.com/9t15SvMExu7YwxMEhkxm7ydC8QGxO5eiPYbCAbEq6WL8aMppgn_r2yOABs3fW0g1SnswuzuHN1eYy_Q=s0,2
